name,type,stage,ability1,ability2,hidden_ability,hp,attack,defense,sp_attack,sp_defense,speed,evolution_method,mega
Applin,Grass/Dragon,base,Ripen,Gluttony,Bulletproof,40,40,80,40,40,20,,
Flapple,Grass/Dragon,evo,Ripen,Gluttony,Hustle,70,110,80,95,60,70,Level up in Fortree,
Appletun,Grass/Dragon,evo,Ripen,Gluttony,Thick Fat,110,85,80,100,80,30,Level up in Lavaridge,
Dipplin,Grass/Dragon,evo,Supersweet Syrup,Gluttony,Sticky Hold,80,80,110,95,80,40,Level up in Rustboro,
Hydrapple,Grass/Dragon,evo,Supersweet Syrup,Regenerator,Sticky Hold,106,80,110,120,80,44,Level 42,
Aron,Steel/Rock,base,Sturdy,Rock Head,Heavy Metal,50,70,100,40,40,30,,Stage 2
Lairon,Steel/Rock,evo,Sturdy,Rock Head,Heavy Metal,60,90,140,50,50,40,Level 32,Stage 2
Aggron,Steel/Rock,evo,Sturdy,Rock Head,Heavy Metal,70,110,180,60,60,50,Level 42,Stage 2
Mega Aggron,Steel,mega,Filter,,,70,140,230,60,80,50,Aggronite,Stage 2
Bagon,Dragon,base,Rock Head,,Sheer Force,45,75,60,40,30,50,,Stage 2
Shelgon,Dragon,evo,Rock Head,,Overcoat,65,95,100,60,50,50,Level 30,Stage 2
Salamence,Dragon/Flying,evo,Intimidate,,Moxie,95,135,80,110,80,100,Level 50,Stage 2
Mega Salamence,Dragon/Flying,mega,Aerilate,,,95,145,130,120,90,120,Salamencite,Stage 2
Buizel,Water,base,Swift Swim,,Water Veil,55,65,35,60,30,85,,
Floatzel,Water,evo,Swift Swim,,Water Veil,85,105,55,85,50,115,Level 26,
Buneary,Normal,base,Run Away,Klutz,Limber,55,66,44,44,56,85,,Stage 1
Lopunny,Normal,evo,Cute Charm,Klutz,Limber,65,76,84,54,96,105,Soothe Bell,Stage 1
Mega Lopunny,Normal/Fighting,mega,Scrappy,,,65,136,94,54,96,135,Lopunnite,Stage 1
Bunnelby,Normal,base,Pickup,Cheek Pouch,Huge Power,38,36,38,32,36,57,,
Diggersby,Normal/Ground,evo,Pickup,Cheek Pouch,Huge Power,85,56,77,50,77,78,Level 20,
Cacnea,Grass,base,Sand Veil,,Water Absorb,50,85,40,85,40,35,,
Cacturne,Grass/Dark,evo,Sand Veil,,Water Absorb,70,115,60,115,60,55,Level 32,
Carvanha,Water/Dark,base,Rough Skin,,Speed Boost,45,90,20,65,20,65,,Stage 1
Sharpedo,Water/Dark,evo,Rough Skin,,Speed Boost,70,120,40,95,40,95,Level 30,Stage 1
Mega Sharpedo,Water/Dark,mega,Strong Jaw,,,70,140,70,110,65,105,Sharpedonite,Stage 1
Chewtle,Water,base,Strong Jaw,Shell Armor,Swift Swim,50,64,50,38,38,41,,
Drednaw,Water/Rock,evo,Strong Jaw,Shell Armor,Swift Swim,90,115,90,48,68,74,Level 22,
Sewaddle,Bug/Grass,base,Swarm,Chlorophyll,Overcoat,45,53,70,40,60,42,,
Swadloon,Bug/Grass,evo,Leaf Guard,Chlorophyll,Overcoat,55,63,90,50,80,42,Level 20,
Leavanny,Bug/Grass,evo,Swarm,Chlorophyll,Overcoat,75,103,80,70,80,92,Soothe Bell,
Chespin,Grass,base,Overgrow,,Bulletproof,56,61,65,48,45,38,,Stage 2
Quilladin,Grass,evo,Overgrow,,Bulletproof,61,78,95,56,58,57,Level 16,Stage 2
Chesnaught,Grass/Fighting,evo,Overgrow,,Bulletproof,88,107,122,74,75,64,Level 36,Stage 2
Mega Chesnaught,Grass/Fighting,mega,Overgrow,,Bulletproof,88,137,172,74,115,44,Chesnaughtite,Stage 2
Chinchou,Water/Electric,base,Volt Absorb,Illuminate,Water Absorb,75,38,38,56,56,67,,
Lanturn,Water/Electric,evo,Volt Absorb,Illuminate,Water Absorb,125,58,58,76,76,67,Level 27,
Corphish,Water,base,Hyper Cutter,Shell Armor,Adaptability,43,80,65,50,35,35,,
Crawdaunt,Water/Dark,evo,Hyper Cutter,Shell Armor,Adaptability,63,120,85,90,55,55,Level 30,
Corsola,Water/Rock,base,Hustle,Natural Cure,Regenerator,65,55,95,65,95,35,on death,
Corsola-Galar,Ghost,evo,Weak Armor,,Cursed Body,60,55,100,65,100,30,on death,
Cursola,Ghost,evo,Weak Armor,,Perish Body,60,95,50,145,130,30,Level 38,
Cubone,Ground,base,Rock Head,Lightning Rod,Battle Armor,50,50,95,40,50,35,,
Marowak,Ground,evo,Rock Head,Lightning Rod,Battle Armor,60,80,110,50,80,45,Level 28 at day,
Marowak-Alola,Fire/Ghost,evo,Cursed Body,Lightning Rod,Rock Head,60,80,110,50,80,45,Level 28 at night,
Cutiefly,Bug/Fairy,base,Honey Gather,Shield Dust,Sweet Veil,40,45,40,55,40,84,,
Ribombee,Bug/Fairy,evo,Honey Gather,Shield Dust,Sweet Veil,60,55,60,95,70,124,Level 25,
Dewpider,Water/Bug,base,Water Bubble,,Water Absorb,38,40,52,40,72,27,,
Araquanid,Water/Bug,evo,Water Bubble,,Water Absorb,68,70,92,50,132,42,Level 22,
Diglett,Ground,base,Sand Veil,Arena Trap,Sand Force,10,55,25,35,45,95,,
Dugtrio,Ground,evo,Sand Veil,Arena Trap,Sand Force,35,100,50,50,70,120,Level 26,
Drilbur,Ground,base,Sand Rush,Sand Force,Mold Breaker,60,85,40,30,45,68,,Stage 1
Excadrill,Ground/Steel,evo,Sand Rush,Sand Force,Mold Breaker,110,135,60,50,65,88,Level 31,Stage 1
Mega Excadrill,Ground/Steel,evo,Sand Rush,Sand Force,Mold Breaker,110,165,100,65,65,103,Excadrite,Stage 1
Electrike,Electric,base,Static,Lightning Rod,Minus,40,45,40,65,40,65,,Stage 1
Manectric,Electric,evo,Static,Lightning Rod,Minus,70,75,60,105,60,105,Level 26,Stage 1
Mega Manectric,Electric,mega,Intimidate,,,70,75,80,135,80,135,Manectite,Stage 1
Exeggcute,Grass/Psychic,base,Chlorophyll,,Harvest,60,40,80,60,45,40,,
Exeggutor,Grass/Psychic,evo,Chlorophyll,,Harvest,95,95,85,125,75,55,Leaf Stone,
Exeggutor-Alola,Grass/Dragon,evo,Frisk,,Harvest,95,105,85,125,75,45,Sun Stone,
Fennekin,Fire,base,Blaze,,Magician,40,45,40,62,60,60,,Stage 2
Braixen,Fire,evo,Blaze,,Magician,59,59,58,90,70,73,Level 16,Stage 2
Delphox,Fire/Psychic,evo,Blaze,,Magician,75,69,72,114,100,104,Level 36,Stage 2
Mega Delphox,Fire/Psychic,mega,Blaze,,Magician,75,69,72,159,125,134,Delphoxite,Stage 2
Flabebe,Fairy,base,Flower Veil,,Symbiosis,44,38,39,61,79,42,,
Floette,Fairy,evo,Flower Veil,,Symbiosis,54,45,47,75,98,52,Level 19,
Florges,Fairy,evo,Flower Veil,,Symbiosis,78,65,68,112,154,75,Shiny Stone,
Fletchling,Normal/Flying,base,Big Pecks,,Gale Wings,45,50,43,40,38,62,,
Fletchinder,Fire/Flying,evo,Flame Body,,Gale Wings,62,73,55,56,52,84,Level 17,
Talonflame,Fire/Flying,evo,Flame Body,,Gale Wings,78,81,71,74,69,126,Level 35,
Froakie,Water,base,Torrent,,Protean,41,56,40,62,44,71,,Stage 2
Frogadier,Water,evo,Torrent,,Protean,54,63,52,83,56,97,Level 16,Stage 2
Greninja,Water/Dark,evo,Torrent,,Protean,72,95,67,103,71,122,Level 36,Stage 2
Mega Greninja,Water/Dark,mega,Torrent,,Protean,72,125,77,133,81,142,Greninjite,Stage 2
Fuecoco,Fire,base,Blaze,,Unaware,67,45,59,63,40,36,,
Crocalor,Fire,evo,Blaze,,Unaware,81,55,78,90,58,49,Level 16,
Skeledirge,Fire/Ghost,evo,Blaze,,Unaware,104,75,100,110,75,66,Level 36,
Geodude,Rock/Ground,base,Rock Head,Sturdy,Sand Veil,40,80,100,30,30,20,,
Graveler,Rock/Ground,evo,Rock Head,Sturdy,Sand Veil,55,95,115,45,45,35,Level 25,
Golem,Rock/Ground,evo,Rock Head,Sturdy,Sand Veil,80,120,130,55,65,45,Link Cable,
Gible,Dragon/Ground,base,Sand Veil,,Rough Skin,58,70,45,40,45,42,,Stage 2
Gabite,Dragon/Ground,evo,Sand Veil,,Rough Skin,68,90,65,50,55,82,Level 24,Stage 2
Garchomp,Dragon/Ground,evo,Sand Veil,,Rough Skin,108,130,95,80,85,102,Level 48,Stage 2
Mega Garchomp,Dragon/Ground,mega,Sand Force,,,108,170,115,120,95,92,Garchompite,Stage 2
Gligar,Ground/Flying,base,Hyper Cutter,Sand Veil,Immunity,65,75,105,35,65,85,,
Gliscor,Ground/Flying,evo,Hyper Cutter,Sand Veil,Poison Heal,75,95,125,45,75,95,Razor Fang,
Goomy,Dragon,base,Sap Sipper,Hydration,Gooey,45,50,35,55,75,40,,
Sliggoo,Dragon,evo,Sap Sipper,Hydration,Gooey,68,75,53,83,113,60,Level 40,
Goodra,Dragon,evo,Sap Sipper,Hydration,Gooey,90,100,70,110,150,80,Level 50 in rain,
Sliggoo-Hisui,Steel/Dragon,evo,Sap Sipper,Shell Armor,Gooey,58,75,83,83,113,40,Metal Coat,
Goodra-Hisui,Steel/Dragon,evo,Sap Sipper,Shell Armor,Gooey,80,100,100,110,150,60,Level 50 in Rain,
Greavard,Ghost,base,Pickup,,Fluffy,50,61,60,30,55,34,,
Houndstone,Ghost,evo,Sand Rush,,Fluffy,72,101,100,50,97,68,Level 30 at night,
Growlithe,Fire,base,Intimidate,Flash Fire,Justified,55,70,45,70,50,60,,
Arcanine,Fire,evo,Intimidate,Flash Fire,Justified,90,110,80,100,80,95,Fire Stone,
Grubbin,Bug,base,Swarm,,,47,62,45,55,45,46,,
Charjabug,Bug/Electric,evo,Battery,,,57,82,95,55,75,36,Level 20,
Vikavolt,Bug/Electric,evo,Levitate,,,77,70,90,145,75,43,Thunder Stone,
Helioptile,Electric/Normal,base,Dry Skin,Sand Veil,Solar Power,44,38,33,61,43,70,,
Heliolisk,Electric/Normal,evo,Dry Skin,Sand Veil,Solar Power,62,55,52,109,94,109,Thunder Stone,
Honedge,Steel/Ghost,base,No Guard,,,45,80,100,35,37,28,,
Doublade,Steel/Ghost,evo,No Guard,,,59,110,150,45,49,35,Level 35,
Aegislash,Steel/Ghost,evo,Stance Change,,,60,50,140,50,140,60,Dusk Stone,
Horsea,Water,base,Swift Swim,Sniper,Damp,30,40,70,70,25,60,,
Seadra,Water,evo,Poison Point,Sniper,Damp,55,65,95,95,45,85,Level 32,
Kingdra,Water/Dragon,evo,Swift Swim,Sniper,Damp,75,95,95,95,95,85,Dragon Scale,
Houndour,Dark/Fire,base,Early Bird,Flash Fire,Unnerve,45,60,30,80,50,65,,Stage 1
Houndoom,Dark/Fire,evo,Early Bird,Flash Fire,Unnerve,75,90,50,110,80,95,Level 24,Stage 1
Mega Houndoom,Dark/Fire,mega,Solar Power,,,75,90,90,140,90,115,Houndoominite,Stage 1
Litten,Fire,base,Blaze,,Intimidate,45,65,40,60,40,70,,
Torracat,Fire,evo,Blaze,,Intimidate,65,85,50,80,50,90,Level 17,
Incineroar,Fire/Dark,evo,Blaze,,Intimidate,95,115,90,80,90,60,Level 36,
Joltik,Bug/Electric,base,Compound Eyes,Unnerve,Swarm,50,47,50,57,50,65,,
Galvantula,Bug/Electric,evo,Compound Eyes,Unnerve,Swarm,70,77,60,97,60,108,Level 36,
Hatenna,Psychic,base,Healer,Anticipation,Magic Bounce,42,30,45,56,53,39,,
Hattrem,Psychic,evo,Healer,Anticipation,Magic Bounce,57,40,65,86,73,49,Level 32 (Whipped Dream),
Hatterene,Psychic/Fairy,evo,Healer,Anticipation,Magic Bounce,57,90,95,136,103,29,Level 42,
Litwick,Ghost/Fire,base,Flash Fire,Flame Body,Infiltrator,50,30,55,65,55,20,,Stage 2
Lampent,Ghost/Fire,evo,Flash Fire,Flame Body,Infiltrator,60,40,60,95,60,55,Level 41 (Whipped Dream),Stage 2
Chandelure,Ghost/Fire,evo,Flash Fire,Flame Body,Infiltrator,60,55,90,145,90,80,Dusk Stone,Stage 2
Mega Chandelure,Ghost/Fire,mega,Flash Fire,Flame Body,Infiltrator,60,75,110,175,110,90,Chandelurite,Stage 2
Magnemite,Electric/Steel,base,Magnet Pull,Sturdy,Analytic,25,35,70,95,55,45,,
Magneton,Electric/Steel,evo,Magnet Pull,Sturdy,Analytic,50,60,95,120,70,70,Level 30,
Magnezone,Electric/Steel,evo,Magnet Pull,Sturdy,Analytic,70,70,115,130,90,60,Thunder Stone,
Makuhita,Fighting,base,Thick Fat,Guts,Sheer Force,72,60,30,20,30,25,,
Hariyama,Fighting,evo,Thick Fat,Guts,Sheer Force,144,120,60,40,60,50,Level 24,
Mankey,Fighting,base,Vital Spirit,Anger Point,Defiant,40,80,35,35,45,70,,
Primeape,Fighting,evo,Vital Spirit,Anger Point,Defiant,65,105,60,60,70,95,Level 28,
Annihilape,Fighting/Ghost,evo,Vital Spirit,Inner Focus,Defiant,110,115,80,50,90,90,Rage Fist 20 times,
Mareep,Electric,base,Static,,Plus,55,40,40,65,45,35,,Stage 2
Flaaffy,Electric,evo,Static,,Plus,70,55,55,80,60,45,Level 15,Stage 2
Ampharos,Electric,evo,Static,,Plus,90,75,85,115,90,55,Level 30,Stage 2
Mega Ampharos,Electric/Dragon,mega,Mold Breaker,,,90,95,105,165,110,45,Ampharosite,Stage 2
Mawile,Steel/Fairy,base,Hyper Cutter,Intimidate,Sheer Force,50,85,85,55,55,50,,Basic
Mega Mawile,Steel/Fairy,mega,Huge Power,,,50,105,125,55,95,50,Mawilite,Basic
Murkrow,Dark/Flying,base,Insomnia,Super Luck,Prankster,60,85,42,85,42,91,,
Honchkrow,Dark/Flying,evo,Insomnia,Super Luck,Moxie,100,125,52,105,52,71,Dusk Stone,
Minccino,Normal,base,Cute Charm,Technician,Skill Link,55,50,40,40,40,75,,
Cinccino,Normal,evo,Cute Charm,Technician,Skill Link,75,95,60,65,60,115,Shiny Stone,
Minior,Rock/Flying,base,Shields Down,,,60,60,100,60,100,60,,
Minior-Core,Rock/Flying,evo,Shields Down,,,60,100,60,100,60,120,Shields Down,
Morelull,Grass/Fairy,base,Illuminate,Effect Spore,Rain Dish,40,35,55,65,75,15,,
Shiinotic,Grass/Fairy,evo,Illuminate,Effect Spore,Rain Dish,60,45,80,90,100,30,Level 24,
Mudbray,Ground,base,Own Tempo,Stamina,Inner Focus,70,100,70,45,55,45,,
Mudsdale,Ground,evo,Own Tempo,Stamina,Inner Focus,100,125,100,55,85,35,Level 30,
Mudkip,Water,base,Torrent,,Damp,50,70,50,50,50,40,,Stage 2
Marshtomp,Water/Ground,evo,Torrent,,Damp,70,85,70,60,70,50,Level 16,Stage 2
Swampert,Water/Ground,evo,Torrent,,Damp,100,110,90,85,90,60,Level 36,Stage 2
Mega Swampert,Water/Ground,mega,Swift Swim,,,100,150,110,95,110,70,Swampertite,Stage 2
Nincada,Bug/Ground,base,Compound Eyes,,Run Away,31,45,90,30,30,40,,
Ninjask,Bug/Flying,evo,Speed Boost,,Infiltrator,61,90,45,50,50,160,Level 20,
Shedinja,Bug/Ghost,evo,Wonder Guard,,,1,90,45,30,30,40,Level 20 with empty party slot,
Noibat,Flying/Dragon,base,Frisk,Infiltrator,Telepathy,40,30,35,45,40,55,,
Noivern,Flying/Dragon,evo,Frisk,Infiltrator,Telepathy,85,70,80,97,80,123,Razor Fang,
Numel,Fire/Ground,base,Oblivious,Simple,Own Tempo,60,60,40,65,45,35,,Stage 1
Camerupt,Fire/Ground,evo,Magma Armor,Solid Rock,Anger Point,70,100,70,105,75,40,Level 33,Stage 1
Mega Camerupt,Fire/Ground,mega,Sheer Force,,,70,120,100,145,105,20,Cameruptite,Stage 1
Oddish,Grass/Poison,base,Chlorophyll,,Run Away,45,50,55,75,65,30,,
Gloom,Grass/Poison,evo,Chlorophyll,,Stench,60,65,70,85,75,40,Level 21,
Vileplume,Grass/Poison,evo,Chlorophyll,,Effect Spore,75,80,85,110,90,50,Leaf Stone,
Bellossom,Grass,evo,Chlorophyll,,Healer,75,80,95,90,100,50,Sun Stone,
Pancham,Fighting,base,Iron Fist,Mold Breaker,Scrappy,67,82,62,46,48,43,,
Pangoro,Fighting/Dark,evo,Iron Fist,Mold Breaker,Scrappy,95,124,78,69,71,58,Level 32,
Pikipek,Normal/Flying,base,Keen Eye,Skill Link,Pickup,35,75,30,30,30,65,,
Trumbeak,Normal/Flying,evo,Keen Eye,Skill Link,Pickup,55,85,50,40,50,75,Level 14,
Toucannon,Normal/Flying,evo,Keen Eye,Skill Link,Sheer Force,80,120,75,75,75,60,Level 28,
Poliwag,Water,base,Water Absorb,Damp,Swift Swim,40,50,40,40,40,90,,
Poliwhirl,Water,evo,Water Absorb,Damp,Swift Swim,65,65,65,50,50,90,Level 25,
Poliwrath,Water/Fighting,evo,Water Absorb,Damp,Swift Swim,90,95,95,70,90,70,Water Stone,
Politoed,Water,evo,Water Absorb,Damp,Drizzle,90,75,75,90,100,70,King's Rock,
Poochyena,Dark,base,Run Away,Quick Feet,Rattled,35,55,35,30,30,35,,
Mightyena,Dark,evo,Intimidate,Quick Feet,Moxie,70,90,70,60,60,70,Level 18,
Popplio,Water,base,Torrent,,Liquid Voice,50,54,54,66,56,40,,
Brionne,Water,evo,Torrent,,Liquid Voice,60,69,69,91,81,50,Level 17,
Primarina,Water/Fairy,evo,Torrent,,Liquid Voice,80,74,74,126,116,60,Level 34,
Porygon,Normal,base,Trace,Download,Analytic,65,60,70,85,75,40,,
Porygon2,Normal,evo,Trace,Download,Analytic,85,80,90,105,95,60,Level 23,
Porygon-Z,Normal,evo,Adaptability,Download,Analytic,85,80,70,135,75,90,Link Cable,
Ralts,Psychic/Fairy,base,Synchronize,Trace,Telepathy,28,25,25,45,35,40,,Stage 2
Kirlia,Psychic/Fairy,evo,Synchronize,Trace,Telepathy,38,35,35,65,55,50,Level 20,Stage 2
Gardevoir,Psychic/Fairy,evo,Synchronize,Trace,Telepathy,68,65,65,125,115,80,Level 30,Stage 2
Mega Gardevoir,Psychic/Fairy,mega,Pixilate,,,68,85,65,165,135,100,Gardevoirite,Stage 2
Gallade,Psychic/Fighting,evo,Steadfast,Sharpness,Justified,68,125,65,65,115,80,Dawn Stone,Stage 2
Mega Gallade,Psychic/Fighting,mega,Inner Focus,,,68,165,95,65,115,110,Galladite,Stage 2
Rockruff,Rock,base,Keen Eye,Vital Spirit,Steadfast,45,65,40,30,40,60,,
Lycanroc-Midday,Rock,evo,Keen Eye,Sand Rush,Steadfast,75,115,65,55,65,112,Level 25 at day,
Lycanroc-Midnight,Rock,evo,Keen Eye,Vital Spirit,No Guard,85,115,75,55,75,82,Level 25 at night,
Rotom,Electric/Ghost,base,Levitate,,,50,50,77,95,77,91,,
Rotom-Heat,Electric/Fire,evo,Levitate,,,50,65,107,105,107,86,Catalog,
Rotom-Wash,Electric/Water,evo,Levitate,,,50,65,107,105,107,86,Catalog,
Rotom-Mow,Electric/Grass,evo,Levitate,,,50,65,107,105,107,86,Catalog,
Rotom-Frost,Electric/Ice,evo,Levitate,,,50,65,107,105,107,86,Catalog,
Rotom-Fan,Electric/Flying,evo,Levitate,,,50,65,107,105,107,86,Catalog,
Rowlet,Grass/Flying,base,Overgrow,,Long Reach,68,55,55,50,50,42,,
Dartrix,Grass/Flying,evo,Overgrow,,Long Reach,78,75,75,70,70,52,Level 17,
Decidueye,Grass/Ghost,evo,Overgrow,,Long Reach,78,107,75,100,100,70,Level 34 at night,
Decidueye-Hisui,Grass/Fighting,evo,Overgrow,,Scrappy,88,112,80,95,95,60,Level 34 at day,
Sableye,Dark/Ghost,base,Keen Eye,Stall,Prankster,50,75,75,65,65,50,,Basic
Mega Sableye,Dark/Ghost,mega,Magic Bounce,,,50,85,125,85,115,20,Sablenite,Basic
Salandit,Poison/Fire,base,Corrosion,,Oblivious,48,44,40,71,40,77,,
Salazzle,Poison/Fire,evo,Corrosion,,Oblivious,68,64,60,111,60,117,Level 33,
Sandile,Ground/Dark,base,Intimidate,Moxie,Anger Point,50,72,35,35,35,65,,
Krokorok,Ground/Dark,evo,Intimidate,Moxie,Anger Point,60,82,45,45,45,74,Level 29 (Whipped Dream),
Krookodile,Ground/Dark,evo,Intimidate,Moxie,Anger Point,95,117,80,65,70,92,Level 40,
Sandshrew,Ice/Steel,base,Snow Cloak,,Slush Rush,50,75,90,10,35,40,,
Sandslash-Alola,Ice/Steel,evo,Snow Cloak,,Slush Rush,75,100,120,25,65,65,Level 22,
Scatterbug,Bug,base,Shield Dust,Compound Eyes,Friend Guard,38,35,40,27,25,35,,
Spewpa,Bug,evo,Shed Skin,,Friend Guard,45,22,60,27,30,29,Level 9,
Vivillon,Bug/Flying,evo,Shield Dust,Compound Eyes,Friend Guard,80,52,50,90,50,89,Level 12,
Scyther,Bug/Flying,base,Swarm,Technician,Steadfast,70,110,80,55,80,105,,Stage 1
Kleavor,Bug/Rock,evo,Swarm,Sheer Force,Sharpness,70,135,95,45,70,85,King's Rock,Stage 1
Scizor,Bug/Steel,evo,Swarm,Technician,Light Metal,70,130,100,55,80,65,Metal Coat,Stage 1
Mega Scizor,Bug/Steel,mega,Technician,,,70,150,140,65,100,75,Scizorite,Stage 1
Shellder,Water,base,Shell Armor,Skill Link,Overcoat,30,65,100,45,25,40,,
Cloyster,Water/Ice,evo,Shell Armor,Skill Link,Overcoat,50,95,180,85,45,70,Water Stone,
Shinx,Electric,base,Rivalry,Intimidate,Guts,45,65,34,40,34,45,,
Luxio,Electric,evo,Rivalry,Intimidate,Guts,60,85,49,60,49,60,Level 15,
Luxray,Electric,evo,Rivalry,Intimidate,Guts,80,120,79,95,79,70,Level 30,
Shroomish,Grass,base,Effect Spore,Poison Heal,Quick Feet,60,40,60,40,60,35,,
Breloom,Grass/Fighting,evo,Effect Spore,Poison Heal,Technician,60,130,80,60,60,70,Level 23,
Shuppet,Ghost,base,Insomnia,Frisk,Cursed Body,44,75,35,63,33,45,,Stage 1
Banette,Ghost,evo,Insomnia,Frisk,Cursed Body,64,115,65,83,63,65,Level 37,Stage 1
Mega Banette,Ghost,mega,Prankster,,,64,165,75,93,83,75,Banettite,Stage 1
Skiddo,Grass,base,Sap Sipper,,Grass Pelt,66,65,48,62,57,52,,
Gogoat,Grass,evo,Sap Sipper,,Grass Pelt,123,100,62,97,81,68,Level 32,
Skrelp,Poison/Water,base,Poison Point,Poison Touch,Adaptability,50,60,60,60,60,30,,Stage 1
Dragalge,Poison/Dragon,evo,Poison Point,Poison Touch,Adaptability,65,75,90,97,123,44,Dragon Scale,Stage 1
Mega Dragalge,Poison/Dragon,mega,Poison Point,Poison Touch,Adaptability,65,85,105,132,163,44,Dragalgite,Stage 1
Slowpoke,Psychic,base,Gluttony,Own Tempo,Regenerator,90,65,65,40,40,15,,
Slowbro-Galar,Poison/Psychic,evo,Quick Draw,Own Tempo,Regenerator,95,100,95,100,70,30,Level 37,
Slowking-Galar,Poison/Psychic,evo,Curious Medicine,Own Tempo,Regenerator,95,65,80,110,110,30,King's Rock,
Smoliv,Grass/Normal,base,Early Bird,,Harvest,41,35,45,58,51,30,,
Dolliv,Grass/Normal,evo,Early Bird,,Harvest,52,53,60,78,78,33,Level 25 (Whipped Dream),
Arboliva,Grass/Normal,evo,Seed Sower,,Harvest,78,69,90,125,109,39,Level 35,
Snorunt,Ice,base,Inner Focus,Ice Body,Moody,50,50,50,50,50,50,,Stage 1
Glalie,Ice,evo,Inner Focus,Ice Body,Moody,80,80,80,80,80,80,Level 42,Stage 1
Mega Glalie,Ice,mega,Refrigerate,,,80,120,80,120,80,100,Glalitite,Stage 1
Froslass,Ice/Ghost,evo,Snow Cloak,,Cursed Body,70,80,70,80,70,110,Dawn Stone,Stage 1
Mega Froslass,Ice/Ghost,evo,Snow Cloak,,Cursed Body,70,80,70,140,100,120,Dawn Stone,Stage 1
Solosis,Psychic,base,Overcoat,Magic Guard,Regenerator,45,30,40,105,50,20,,
Duosion,Psychic,evo,Overcoat,Magic Guard,Regenerator,65,40,50,125,60,30,Level 32 (Whipped Dream),
Reuniclus,Psychic,evo,Overcoat,Magic Guard,Regenerator,110,65,75,125,85,30,Level 41,
Spheal,Ice/Water,base,Thick Fat,Ice Body,Oblivious,70,40,50,55,50,25,,
Sealeo,Ice/Water,evo,Thick Fat,Ice Body,Oblivious,90,60,70,75,70,45,Level 32,
Walrein,Ice/Water,evo,Thick Fat,Ice Body,Oblivious,110,80,90,95,90,65,Level 44,
Spoink,Psychic,base,Thick Fat,Own Tempo,Gluttony,60,25,35,70,80,60,,
Grumpig,Psychic,evo,Thick Fat,Own Tempo,Gluttony,80,45,65,90,110,80,Level 32,
Staryu,Water,base,Illuminate,Natural Cure,Analytic,30,45,55,70,55,85,,Stage 1
Starmie,Water/Psychic,evo,Illuminate,Natural Cure,Analytic,60,75,85,100,85,115,Water Stone,Stage 1
Mega Starmie,Water/Psychic,mega,Illuminate,Natural Cure,Analytic,60,140,105,130,105,120,Starmite,Stage 1
Surskit,Bug/Water,base,Swift Swim,,Rain Dish,40,30,32,50,52,65,,
Masquerain,Bug/Flying,evo,Intimidate,,Unnerve,70,60,62,100,82,80,Level 22,
Teddiursa,Normal,base,Pickup,Quick Feet,Honey Gather,60,80,50,50,50,40,,
Ursaring,Normal,evo,Guts,Quick Feet,Unnerve,90,130,75,75,75,55,Level 30,
Ursaluna,Ground/Normal,evo,Guts,Bulletproof,Unnerve,130,140,105,45,80,50,Level 50,
Tentacool,Water/Poison,base,Clear Body,Liquid Ooze,Rain Dish,40,40,35,50,100,70,,
Tentacruel,Water/Poison,evo,Clear Body,Liquid Ooze,Rain Dish,80,70,65,80,120,100,Level 30,
Tinkatink,Fairy/Steel,base,Mold Breaker,Own Tempo,Pickpocket,50,45,45,35,64,58,,
Tinkatuff,Fairy/Steel,evo,Mold Breaker,Own Tempo,Pickpocket,65,55,55,45,82,78,Level 24,
Tinkaton,Fairy/Steel,evo,Mold Breaker,Own Tempo,Pickpocket,85,75,77,70,105,94,Level 38,
Torchic,Fire,base,Blaze,,Speed Boost,45,60,40,70,50,45,,Stage 2
Combusken,Fire/Fighting,evo,Blaze,,Speed Boost,60,85,60,85,60,55,Level 16,Stage 2
Blaziken,Fire/Fighting,evo,Blaze,,Speed Boost,80,120,70,110,70,80,Level 36,Stage 2
Mega Blaziken,Fire/Fighting,mega,Speed Boost,,,80,160,80,130,80,100,Blazikenite,Stage 2
Totodile,Water,base,Torrent,,Sheer Force,50,65,64,44,48,43,,Stage 2
Croconaw,Water,evo,Torrent,,Sheer Force,65,80,80,59,63,58,Level 18,Stage 2
Feraligatr,Water,evo,Torrent,,Sheer Force,85,105,100,79,83,78,Level 30,Stage 2
Mega Feraligatr,Water,mega,Torrent,,Sheer Force,85,160,125,89,93,78,Feraligatrite,Stage 2
Trapinch,Ground,base,Hyper Cutter,Arena Trap,Sheer Force,45,100,45,45,45,10,,
Vibrava,Ground/Dragon,evo,Levitate,,,50,70,50,50,50,70,Level 35 (Whipped Dream),
Flygon,Ground/Dragon,evo,Levitate,,,80,100,80,80,80,100,Level 45,
Treecko,Grass,base,Overgrow,,Unburden,40,45,35,65,55,70,,Stage 2
Grovyle,Grass,evo,Overgrow,,Unburden,50,65,45,85,65,95,Level 16,Stage 2
Sceptile,Grass,evo,Overgrow,,Unburden,70,85,65,105,85,120,Level 36,Stage 2
Mega Sceptile,Grass/Dragon,mega,Lightning Rod,,,70,110,75,145,85,145,Sceptilite,Stage 2
Trubbish,Poison,base,Stench,Sticky Hold,Aftermath,50,50,62,40,62,65,,
Garbodor,Poison,evo,Stench,Weak Armor,Aftermath,80,95,82,60,82,75,Level 36,
Turtwig,Grass,base,Overgrow,,Shell Armor,55,68,64,45,55,31,,
Grotle,Grass,evo,Overgrow,,Shell Armor,75,89,85,55,65,36,Level 18,
Torterra,Grass/Ground,evo,Overgrow,,Shell Armor,95,109,105,75,85,56,Level 32,
Venipede,Bug/Poison,base,Poison Point,Swarm,Speed Boost,30,45,59,30,39,57,,Stage 2
Whirlipede,Bug/Poison,evo,Poison Point,Swarm,Speed Boost,40,55,99,40,79,47,Level 22,Stage 2
Scolipede,Bug/Poison,evo,Poison Point,Swarm,Speed Boost,60,100,89,55,69,112,Level 30,Stage 2
Mega Scolipede,Bug/Poison,mega,Poison Point,Swarm,Speed Boost,60,140,149,75,99,62,Scolipedite,Stage 2
Vulpix,Ice,base,Snow Cloak,,Snow Warning,38,41,40,50,65,65,,
Ninetales-Alola,Ice/Fairy,evo,Snow Cloak,,Snow Warning,73,67,75,81,100,109,Ice Stone,
Wingull,Water/Flying,base,Keen Eye,Hydration,Rain Dish,40,30,30,55,30,85,,
Pelipper,Water/Flying,evo,Keen Eye,Drizzle,Rain Dish,60,50,100,95,70,65,Level 25,
Wishiwashi,Water,base,Schooling,,,45,20,20,25,25,40,,
Wishiwashi-School,Water,evo,Schooling,,,45,140,130,140,135,30,Schooling Level 20,
Wooper,Poison/Ground,base,Poison Point,Water Absorb,Unaware,55,45,45,25,25,15,,
Clodsire,Poison/Ground,evo,Poison Point,Water Absorb,Unaware,130,75,60,45,100,20,Level 20,
Zigzagoon,Dark/Normal,base,Pickup,Gluttony,Quick Feet,38,30,41,30,41,60,,
Linoone-Galar,Dark/Normal,evo,Pickup,Gluttony,Quick Feet,78,70,61,50,61,100,Level 20,
Obstagoon,Dark/Normal,evo,Reckless,Guts,Defiant,93,90,101,60,81,95,Level 35,
Zubat,Poison/Flying,base,Inner Focus,,Infiltrator,40,45,35,30,40,55,,
Golbat,Poison/Flying,evo,Inner Focus,,Infiltrator,75,80,70,65,75,90,Level 22,
Crobat,Poison/Flying,evo,Inner Focus,,Infiltrator,85,90,80,70,80,130,Soothe Bell,
Egg,,base,,,,,,,,,,,
Egg,,base,,,,,,,,,,,
Egg,,base,,,,,,,,,,,